Age,Experience,Income,PersonalLoan
25,1,49,0
45,19,34,0
39,15,11,0
35,9,100,0
35,8,45,0
37,13,29,0
53,27,72,0
50,24,22,0
35,10,81,0
34,9,180,1
65,39,105,0
29,5,45,0
48,23,114,0
59,32,40,0
67,41,112,0
60,30,22,0
38,14,130,1
42,18,81,0
46,21,193,1
55,28,21,0
56,31,25,0
57,27,63,0
29,5,62,0
44,18,43,0
36,11,152,0
43,19,29,0
40,16,83,0
46,20,158,0
56,30,48,0
38,13,119,1
59,35,35,0
40,16,29,0
53,28,41,0
30,6,18,0
31,5,50,0
48,24,81,0
59,35,121,0
51,25,71,0
42,18,141,1
38,13,80,0
57,32,84,0
34,9,60,0
32,7,132,1
39,15,45,0
46,20,104,0
57,31,52,0
39,14,43,0
37,12,194,1
56,26,81,0
40,16,49,0
32,8,8,0
61,37,131,0
30,6,72,0
50,26,190,1
29,5,44,0
41,17,139,0
55,30,29,0
56,31,131,1
28,2,93,0
31,5,188,0
49,24,39,0
47,21,125,0
42,18,22,0
42,17,32,0
47,23,105,0
59,35,131,0
62,36,105,0
53,23,45,0
47,21,60,0
53,29,20,0
42,18,115,0
53,29,69,0
44,20,130,0
41,16,85,0
28,3,135,0
31,7,135,1
58,32,12,0
46,20,29,0
54,30,133,1
50,26,19,0
60,36,41,0
47,22,40,0
41,16,82,0
33,9,50,0
46,22,18,0
27,2,109,0
40,16,42,0
48,22,78,0
65,41,51,0
25,0,113,0
55,30,118,1
35,10,29,0
43,19,34,0
60,34,64,0
65,39,121,0
38,12,48,0
41,15,80,0
54,28,161,0
49,23,94,0
66,41,15,0
48,23,74,0
61,36,30,0
53,23,44,0
43,18,22,0
56,32,38,0
24,0,35,0
43,17,69,0
42,18,43,0
33,7,32,0
43,17,49,0
41,14,9,0
62,38,45,0
40,15,82,0
58,34,92,0
39,14,39,0
65,40,81,0
54,29,35,0
58,33,61,0
41,16,73,0
32,7,112,0
54,29,12,0
52,26,38,0
58,32,73,0
37,13,84,0
39,15,78,0
60,35,80,0
31,5,115,0
34,8,82,0
38,14,74,0
41,16,70,0
28,4,81,0
58,34,149,1
31,1,51,0
30,4,39,0
53,29,98,0
58,33,45,0
59,32,49,0
49,25,128,0
59,34,42,0
59,35,18,0
51,25,31,0
35,11,58,0
33,9,48,0
25,1,54,0
49,23,70,0
59,35,124,0
46,19,84,0
50,25,83,0
52,28,163,0
48,22,42,0
46,22,118,0
26,0,132,1
57,32,24,0
60,36,22,0
54,29,58,0
24,0,60,0
26,0,15,0
41,17,83,0
32,6,79,0
61,35,41,0
29,0,134,1
61,35,80,0
38,12,52,0
28,4,70,0
53,27,92,0
27,1,43,0
25,1,21,0
33,9,23,0
50,26,13,0
27,1,112,0
27,1,138,0
52,28,11,0
38,13,171,0
58,34,42,0
42,17,168,1
45,20,85,0
52,25,44,0
29,3,65,0
53,29,24,0
62,37,11,0
51,27,38,0
36,12,10,0
24,0,135,0
29,3,148,1
52,26,63,0
39,14,115,0
48,23,45,0
46,21,159,1
64,40,169,0
55,29,112,0
60,36,93,0
51,25,29,0
50,23,85,0
48,24,21,0
53,29,144,0
34,10,13,0
48,24,165,0
55,31,9,0
27,3,59,0
36,11,158,1
32,6,29,0
35,9,20,0
30,3,68,0
58,34,65,0
56,31,61,0
38,12,91,0
49,25,31,0
34,10,71,0
40,16,73,0
64,39,172,1
51,26,20,0
44,18,55,0
46,22,69,0
57,33,155,0
54,28,94,0
38,14,92,0
27,3,125,0
39,14,74,0
44,20,72,0
56,30,61,0
32,6,25,0
45,19,83,0
26,2,104,0
55,25,41,0
52,27,58,0
39,13,93,0
24,0,39,0
47,23,148,0
47,22,53,0
48,24,71,0
47,22,92,0
35,10,61,0
46,19,38,0
62,37,58,0
26,1,80,0
38,8,71,0
43,18,89,0
62,38,83,0
57,32,28,0
28,3,52,0
51,26,70,0
48,22,71,0
41,16,75,0
65,39,170,1
41,17,78,0
35,11,25,0
38,14,60,0
53,29,120,1
55,29,99,0
26,1,55,0
30,6,29,0
54,28,170,1
65,40,53,0
47,21,138,0
65,41,134,1
66,40,42,0
26,0,99,0
66,41,18,0
35,9,24,0
56,30,55,0
51,27,58,0
42,16,111,1
49,23,33,0
27,1,74,0
45,19,38,0
49,23,23,0
63,38,61,0
47,22,81,0
64,39,129,0
43,13,33,0
60,36,63,0
40,14,70,0
29,3,45,0
41,16,65,0
30,5,74,0
49,24,50,0
30,5,22,0
29,2,30,0
50,26,21,0
39,14,155,0
33,8,64,0
57,31,65,0
34,9,71,0
61,36,40,0
44,19,69,0
40,13,69,0
51,25,45,0
37,12,62,0
44,19,172,1
42,15,24,0
51,25,80,0
43,16,8,0
30,5,38,0
45,19,93,0
35,9,55,0
60,34,64,0
34,9,122,0
55,25,70,0
43,19,81,0
41,15,159,1
34,9,70,0
65,39,150,0
45,21,152,0
49,25,195,1
48,23,22,0
60,35,22,0
55,29,79,0
42,18,33,0
32,8,128,0
62,38,91,0
57,32,39,0
52,26,121,0
36,6,21,0
34,9,41,0
63,37,45,0
24,0,51,0
57,31,165,1
40,16,119,1
27,2,110,0
65,39,20,0
60,34,64,0
44,20,101,1
63,39,101,1
59,34,99,1
56,30,158,1
54,28,89,0
52,27,80,0
58,32,114,0
60,35,49,0
28,4,191,0
54,30,78,0
32,6,28,0
59,33,42,0
63,38,140,0
48,23,45,0
56,32,122,0
36,12,65,0
57,27,68,0
29,3,153,0
39,13,89,0
59,34,91,0
31,6,55,0
43,19,118,0
35,5,22,0
54,24,63,0
51,27,12,0
44,19,50,0
25,0,43,0
40,15,173,1
26,2,60,1
39,14,113,0
28,4,155,1
52,28,91,0
53,29,55,0
44,20,173,0
43,19,71,0
56,30,24,0
38,14,42,0
30,6,141,0
32,6,32,0
35,10,55,0
43,19,153,0
58,32,113,0
25,0,30,0
54,24,29,0
57,32,174,1
50,24,35,0
32,8,98,0
63,37,30,0
31,6,58,0
36,12,25,0
58,34,19,0
56,30,44,0
49,25,20,0
30,5,98,0
33,7,90,0
45,21,61,0
30,5,40,0
47,23,38,0
25,0,28,0
63,33,34,0
55,29,73,0
65,41,133,1
44,18,53,0
51,25,21,0
35,9,40,0
30,5,41,0
31,5,82,0
54,30,100,1
45,20,155,0
45,19,45,0
58,32,9,0
54,29,48,0
53,28,18,0
33,9,80,0
60,35,64,0
50,24,29,0
26,2,48,0
54,30,23,0
28,3,84,0
36,10,179,1
29,2,30,0
54,28,93,0
55,30,39,0
61,36,60,0
36,11,133,0
45,19,125,0
64,40,58,0
60,36,89,0
49,22,82,0
47,23,110,0
60,36,54,0
45,20,89,0
32,7,42,0
52,28,41,0
35,8,38,0
40,15,85,0
53,29,83,0
27,0,33,0
58,33,50,0
47,22,58,0
28,3,115,1
46,20,145,0
43,19,161,0
56,30,38,0
28,3,28,0
42,18,75,0
32,7,35,0
62,38,24,0
37,13,78,0
51,26,113,0
39,13,75,0
43,17,91,0
52,28,31,0
30,6,45,0
52,26,80,0
61,35,50,0
36,9,31,0
58,32,113,1
47,23,29,0
64,39,59,0
52,27,43,0
58,28,122,1
48,24,29,0
64,40,91,0
58,32,65,0
47,23,22,0
49,23,71,0
31,4,60,0
61,37,60,0
51,25,69,0
28,0,48,0
39,13,21,0
54,28,53,0
50,24,29,0
30,4,60,0
64,39,42,0
29,3,69,0
48,24,20,0
35,10,200,0
60,36,141,0
55,30,81,0
29,4,183,1
48,22,149,1
43,19,83,1
66,42,35,0
25,0,13,0
45,20,39,0
34,10,21,0
48,23,10,0
32,6,84,0
50,24,30,0
43,19,31,0
64,39,182,1
60,34,114,0
43,19,152,1
60,34,53,0
64,39,24,0
44,20,150,0
60,36,132,0
54,29,68,0
33,9,53,0
56,32,173,1
29,5,30,0
25,1,113,0
60,34,15,0
55,30,84,0
39,13,88,0
37,13,43,0
53,28,43,0
34,10,90,0
42,18,34,0
60,36,38,0
50,24,173,0
41,17,160,0
25,0,44,0
50,24,83,0
48,22,94,0
32,8,43,0
50,25,42,0
59,33,34,0
50,26,39,0
44,19,70,0
31,5,39,0
40,10,44,0
36,12,69,1
51,25,44,0
64,40,32,0
47,22,15,0
52,28,118,0
51,26,62,0
31,5,82,0
39,14,54,0
30,6,48,0
27,1,74,0
41,16,113,0
53,27,81,0
54,27,43,0
28,4,34,0
34,9,48,0
61,37,54,0
48,24,75,0
36,11,72,0
56,31,39,0
24,0,75,0
64,38,79,0
26,2,205,0
33,8,65,0
64,39,122,1
39,15,82,0
54,30,21,0
32,6,50,0
62,37,39,0
27,2,101,0
53,28,41,0
51,25,132,0
25,0,43,0
44,20,131,1
31,5,11,0
57,32,21,0
25,0,109,0
30,6,141,0
40,14,81,0
63,38,54,0
35,10,164,0
43,19,28,0
27,2,68,0
44,14,44,0
49,23,61,0
61,36,35,0
60,34,54,0
59,34,14,0
28,3,52,0
52,28,101,0
28,2,149,0
34,8,35,0
60,34,21,0
39,15,118,0
30,5,38,0
49,25,24,0
43,18,59,0
63,33,41,0
28,3,85,0
51,27,12,0
33,7,32,0
55,29,79,0
53,28,175,1
34,8,28,0
34,9,41,0
40,14,70,0
49,25,161,1
35,9,53,0
39,15,128,0
55,28,50,0
29,5,80,0
54,30,93,0
25,0,48,0
52,28,149,0
46,19,49,0
57,33,88,0
52,22,22,0
28,3,55,0
44,18,72,0
24,0,38,0
40,16,114,0
34,4,83,0
39,14,101,0
50,24,94,0
41,17,40,0
31,7,128,0
29,3,39,0
30,5,51,0
44,20,79,0
33,7,48,0
50,26,85,0
42,18,41,0
48,22,152,1
24,0,125,0
56,31,11,0
28,4,103,0
56,30,141,0
58,32,38,0
29,5,135,0
63,38,28,0
28,3,70,0
57,31,41,0
34,8,81,0
28,3,170,1
27,2,55,0
37,11,24,0
52,28,81,0
49,23,32,0
65,40,129,0
60,35,108,0
37,12,180,0
63,37,139,0
40,14,33,0
46,20,74,0
63,37,42,0
57,27,73,0
33,8,115,1
41,17,114,0
41,17,92,0
44,19,34,0
33,6,54,0
52,28,64,0
30,6,42,0
45,19,70,0
49,24,51,0
45,19,71,0
32,7,35,0
45,18,40,0
57,32,165,1
61,31,18,0
57,31,32,0
60,35,35,0
40,16,120,0
53,28,31,0
42,16,35,0
62,36,32,0
43,18,85,0
35,10,139,0
50,24,103,0
45,21,152,0
52,27,33,0
35,9,84,0
58,33,61,0
62,38,64,0
50,25,34,0
25,0,82,0
47,22,122,1
28,4,58,0
34,9,92,0
49,23,78,0
54,29,129,1
50,25,13,0
37,11,81,0
38,8,23,0
52,26,35,0
63,39,79,0
39,14,165,0
63,38,52,0
65,41,185,1
46,20,49,0
54,30,64,0
54,24,61,0
52,26,112,0
63,39,72,0
66,41,18,0
56,29,41,0
23,0,61,0
65,41,105,1
51,27,23,0
34,10,22,0
49,23,59,0
29,2,33,0
47,23,11,0
46,21,204,0
52,27,61,0
55,31,103,0
61,36,51,0
34,9,164,1
58,34,12,0
40,16,82,0
43,17,164,0
35,8,48,0
24,0,38,0
48,22,65,0
44,20,71,0
54,30,18,0
59,34,52,0
45,18,48,0
26,2,30,0
40,15,40,0
32,7,112,0
29,4,115,0
51,27,63,0
42,17,85,0
64,38,59,0
44,20,68,0
37,11,84,0
44,19,62,0
35,9,109,1
41,17,141,0
56,32,129,0
62,36,30,0
58,34,148,0
47,20,25,0
35,10,21,0
29,4,72,0
43,17,59,0
62,37,83,0
41,16,10,0
34,9,84,0
50,23,98,0
47,23,32,0
29,5,31,0
59,34,94,0
56,31,21,0
61,35,110,0
58,32,38,0
49,24,39,0
45,21,132,1
50,24,61,0
64,38,92,0
39,15,119,0
58,33,53,0
62,37,18,0
45,20,114,1
58,28,90,0
43,18,140,0
28,3,90,0
26,1,85,0
49,24,80,0
66,42,53,0
33,7,49,0
61,35,152,1
64,37,138,1
36,10,80,0
49,23,82,0
52,27,195,0
61,37,22,0
32,6,81,0
61,37,40,0
45,20,154,0
30,4,49,0
62,37,85,0
57,32,21,0
41,17,14,0
58,34,60,0
29,5,138,0
53,28,98,0
64,39,22,0
49,23,49,0
38,14,102,0
56,30,45,0
56,31,82,0
52,28,81,0
64,39,35,0
53,28,59,0
29,3,52,0
48,24,84,0
32,6,85,0
54,28,65,0
37,13,89,0
47,21,109,1
37,12,81,0
64,39,38,0
43,19,72,0
33,6,78,0
26,2,172,1
42,18,71,0
54,28,165,1
41,16,120,0
55,29,39,0
65,39,23,0
50,26,135,1
55,31,12,0
62,36,92,0
53,28,192,1
32,7,42,0
56,32,158,1
54,30,194,1
44,20,160,0
48,22,98,0
46,22,164,0
45,21,42,0
45,15,202,1
58,34,10,0
29,3,31,0
55,30,58,0
55,29,65,0
41,16,98,0
24,0,150,0
54,29,44,0
57,32,15,0
30,6,82,0
42,17,61,0
29,2,38,0
29,3,39,0
31,7,173,0
47,23,8,0
36,12,51,0
52,27,62,0
54,28,34,0
55,29,132,1
53,27,44,0
52,27,162,0
64,39,64,0
54,29,111,0
32,6,41,0
63,33,52,0
36,10,65,0
50,25,130,1
33,8,45,0
62,38,35,0
49,23,65,0
41,15,38,0
51,27,42,0
56,30,45,0
51,25,145,0
39,13,33,0
61,35,60,0
35,9,45,0
39,15,72,0
37,11,34,0
48,21,23,0
63,37,45,0
35,9,28,0
55,30,81,0
29,5,72,0
61,31,49,0
36,10,31,0
61,35,63,0
36,12,150,1
58,33,142,0
42,17,74,0
30,4,24,0
45,20,29,0
39,15,79,0
27,3,94,0
57,33,121,0
34,10,54,0
64,39,73,0
47,23,71,0
44,17,29,0
51,27,93,0
40,14,73,0
57,32,19,0
33,8,58,0
46,20,39,0
41,16,23,0
33,7,29,0
27,2,155,0
52,28,90,0
59,33,113,0
62,38,42,0
49,25,30,0
45,19,19,0
63,37,124,1
57,31,30,0
60,30,28,0
50,23,15,0
54,30,70,0
28,2,10,0
60,34,22,0
44,20,70,0
61,35,61,0
40,15,161,0
54,30,29,0
43,19,35,0
54,28,48,0
32,7,44,0
24,0,88,0
30,4,40,0
61,36,21,0
40,14,58,0
35,11,59,0
33,3,74,0
63,37,84,0
57,31,58,0
44,19,154,0
51,25,185,0
51,26,78,0
38,13,55,0
31,5,30,0
54,29,74,0
41,16,118,0
57,33,182,1
24,0,82,0
55,29,29,0
32,6,120,1
38,12,53,0
58,32,43,0
29,4,59,0
43,17,84,0
50,24,161,1
62,37,21,0
57,32,63,0
30,3,172,1
30,4,51,0
57,33,24,0
57,33,95,0
43,18,59,0
28,2,51,0
46,22,28,0
29,3,154,0
64,40,15,0
66,36,55,0
23,0,149,0
60,36,79,0
47,21,68,0
35,10,78,0
57,32,34,0
65,41,195,1
53,28,184,0
44,20,85,0
45,20,200,0
41,16,64,0
51,27,88,0
27,1,42,0
31,5,91,0
32,6,38,0
55,30,28,0
55,30,32,0
42,18,31,0
33,9,22,0
65,40,95,1
35,10,74,0
55,30,22,0
28,4,43,0
27,3,43,0
51,27,112,0
50,23,9,0
58,33,81,0
46,20,131,0
62,32,19,0
38,13,62,0
62,37,19,0
56,32,8,0
61,36,193,1
38,13,129,1
55,29,30,0
30,4,80,0
41,15,22,0
57,32,33,0
36,11,64,0
55,29,60,0
30,4,81,0
40,16,45,0
32,6,112,0
59,34,83,1
44,20,180,0
51,26,28,0
37,12,169,1
59,35,14,0
37,11,43,0
56,32,88,0
55,29,78,0
49,24,68,0
46,22,144,0
35,9,30,0
47,21,120,0
39,14,24,0
27,1,78,0
62,36,135,1
57,32,44,0
55,30,73,0
55,31,90,0
41,15,58,0
57,32,75,0
43,19,174,1
40,16,50,0
43,18,85,0
63,38,54,0
63,38,83,1
54,30,24,0
54,30,45,0
52,26,68,0
50,26,48,0
38,13,114,0
36,12,142,1
58,33,52,0
46,22,142,0
50,25,15,0
46,22,118,0
53,27,101,0
62,36,84,0
63,39,32,0
42,16,64,0
34,10,81,0
40,14,28,0
34,9,93,0
41,15,185,1
32,8,42,0
28,3,45,0
33,6,49,0
46,20,69,0
52,27,94,0
60,35,18,0
59,35,8,0
57,32,55,0
46,20,85,0
25,1,62,0
53,23,65,0
38,12,138,0
63,38,103,0
44,19,99,1
50,24,152,0
28,3,25,0
27,3,98,0
52,27,39,0
50,25,40,0
39,13,58,0
50,26,192,1
60,34,62,0
30,5,69,0
31,5,40,0
39,15,61,0
29,3,30,0
54,29,29,0
35,8,41,0
27,3,118,1
45,20,109,0
58,33,122,1
62,37,50,0
28,4,43,0
32,7,108,0
29,4,110,1
41,17,20,0
61,35,112,0
56,32,25,0
37,12,42,0
60,34,29,0
49,23,84,0
43,17,81,0
53,28,55,0
35,11,40,0
56,30,145,1
41,16,175,1
36,6,78,0
56,32,51,0
64,34,50,0
51,27,21,0
49,24,79,0
43,18,84,0
51,26,34,0
55,31,73,0
62,37,90,0
35,10,23,0
53,27,145,1
33,7,54,0
43,17,49,0
58,32,51,0
63,38,8,0
31,6,62,0
36,6,25,0
30,0,63,0
59,34,24,0
28,2,11,0
59,34,23,0
47,22,33,0
47,21,83,1
56,30,39,0
41,17,138,1
25,1,113,0
30,5,125,1
50,24,195,0
34,9,105,0
44,18,75,1
36,9,40,0
39,14,61,0
54,24,75,0
33,8,122,0
39,14,75,0
41,15,59,0
40,13,24,0
29,3,175,1
51,27,39,0
54,30,145,0
47,22,24,0
53,28,20,0
30,5,85,0
28,3,65,0
60,35,191,1
51,26,11,0
63,37,40,0
38,13,54,0
59,35,95,0
53,29,94,0
31,5,79,0
41,17,48,0
25,1,70,0
27,3,40,0
50,24,44,0
50,25,43,0
43,18,29,0
50,24,188,1
46,20,114,0
30,6,52,0
42,16,13,0
42,17,95,0
29,3,84,0
38,14,49,0
51,25,181,0
35,10,182,1
37,13,70,0
47,21,79,0
55,29,61,0
65,41,121,0
58,33,34,0
54,28,183,0
52,28,51,0
28,2,70,0
32,8,39,0
51,24,84,0
43,18,122,0
42,18,145,0
42,17,98,0
41,16,79,0
34,8,38,0
30,6,49,0
32,7,38,0
46,20,91,0
38,12,29,0
37,13,172,0
32,8,104,1
35,9,58,0
30,5,171,1
30,4,73,1
58,32,191,0
57,27,90,0
34,9,55,0
31,4,28,0
39,14,42,0
57,33,9,0
47,21,65,0
51,26,134,1
30,6,83,0
55,28,38,0
32,6,13,0
32,7,143,1
44,20,75,0
33,7,120,1
49,24,91,0
32,6,99,0
31,7,71,0
37,13,111,0
41,15,108,0
56,32,158,0
55,31,81,0
49,23,12,0
63,37,21,0
55,30,55,0
59,35,42,0
41,16,81,0
49,25,13,0
48,23,132,0
41,16,99,0
50,26,23,0
28,1,40,0
36,11,181,1
38,14,112,0
34,9,138,0
41,17,94,1
43,19,113,0
30,5,112,1
37,12,190,0
62,37,38,0
40,16,32,0
35,10,104,0
64,40,43,0
49,24,45,0
24,0,35,0
36,10,42,0
29,4,58,0
29,3,103,1
28,3,71,1
33,7,14,0
36,11,98,0
42,17,90,0
25,0,65,0
28,2,19,0
50,25,35,0
34,9,71,0
43,19,31,0
62,38,43,0
61,36,24,0
45,19,58,0
42,17,115,0
39,15,168,0
29,5,128,0
45,20,138,0
58,32,81,0
29,3,41,0
32,7,123,1
37,13,71,0
48,23,8,0
40,14,42,0
29,4,62,0
36,12,22,0
35,8,38,0
35,11,24,0
62,37,50,0
26,1,190,1
32,7,94,0
63,37,165,1
38,12,43,0
50,26,48,0
46,21,52,0
50,24,84,0
61,36,131,0
34,8,44,0
27,2,78,0
61,36,15,0
45,20,38,0
50,25,84,0
44,20,122,0
62,36,98,0
45,18,80,0
41,17,165,0
30,5,121,0
61,37,20,0
45,19,11,0
59,35,45,0
30,6,118,1
60,36,14,0
39,13,30,0
56,30,45,0
56,32,80,0
27,1,25,0
66,41,144,0
43,19,84,0
53,29,22,0
44,18,33,0
54,28,60,0
31,6,81,0
38,13,169,1
28,2,63,0
51,26,12,0
52,27,15,0
64,38,39,0
29,4,44,0
34,10,110,0
33,8,130,1
46,21,41,0
48,22,59,0
52,28,39,0
44,19,35,0
51,27,80,0
47,20,81,0
39,13,31,0
42,17,93,0
57,33,45,0
36,12,40,0
27,1,80,0
31,7,20,0
63,37,41,0
34,8,31,0
52,27,35,0
57,31,40,0
63,39,84,0
26,1,53,0
35,5,85,0
58,33,138,0
32,2,71,0
64,39,113,0
50,23,23,0
34,9,62,0
36,11,14,0
43,18,60,0
28,4,94,0
64,39,83,0
60,35,130,1
62,37,61,0
27,2,92,0
42,16,20,0
45,20,194,0
36,10,74,0
48,22,84,0
65,40,98,0
39,15,52,0
51,26,55,0
30,6,64,0
65,40,128,0
38,13,113,1
29,3,50,0
42,18,54,0
63,38,129,0
46,21,82,0
62,38,100,0
58,34,44,0
56,30,164,1
56,31,81,0
34,10,71,0
42,17,28,0
30,6,80,0
61,35,90,0
38,14,74,0
50,25,14,0
61,36,23,0
41,17,153,0
42,16,38,0
29,5,112,0
51,26,145,0
32,6,28,0
34,9,31,0
26,2,195,0
54,24,50,0
38,14,71,0
62,36,21,0
37,11,35,0
46,21,42,0
52,27,78,0
32,6,73,0
49,25,53,0
28,3,51,0
55,30,40,0
52,26,178,0
32,6,35,0
31,7,192,1
27,3,123,0
32,5,48,0
52,26,45,0
52,28,15,0
50,24,79,0
32,5,63,0
61,35,30,0
60,36,145,1
28,4,32,0
34,9,64,0
31,7,84,0
31,5,21,0
62,38,99,0
47,22,35,0
50,24,180,0
36,12,42,0
26,0,179,1
51,27,42,0
52,25,180,1
35,11,82,0
42,16,55,0
36,12,79,0
41,17,48,0
49,25,93,0
57,32,23,0
44,20,50,0
60,34,85,0
38,14,35,0
26,2,171,1
29,2,29,0
59,35,84,0
51,27,20,0
50,25,14,0
35,10,179,0
61,37,48,0
42,16,74,0
55,29,53,0
50,25,83,0
64,40,171,0
54,28,85,0
50,26,38,0
31,5,85,0
32,8,79,0
44,19,69,0
60,35,43,0
60,34,33,0
62,38,42,0
46,21,40,0
57,33,43,0
30,5,20,0
58,32,65,0
39,13,139,1
60,35,135,1
59,34,84,0
50,26,179,1
63,39,45,0
27,3,109,0
54,29,34,0
62,37,162,0
60,34,105,0
38,12,22,0
34,8,82,0
65,41,105,0
55,31,62,0
57,31,82,0
27,3,72,0
35,10,38,0
52,28,25,0
45,15,20,0
29,3,80,0
44,18,84,0
47,23,33,0
62,37,55,0
52,27,33,0
47,23,190,1
42,18,43,0
65,41,45,0
42,18,141,0
40,16,69,0
32,8,78,0
40,15,84,0
55,29,172,1
32,6,51,0
58,28,75,0
46,22,183,1
53,23,20,0
63,39,101,1
40,14,129,1
41,17,63,0
60,35,44,0
65,39,184,1
59,33,100,0
48,24,12,0
59,33,68,0
33,8,48,0
40,15,82,0
42,18,52,0
65,41,154,1
30,4,39,0
30,4,40,0
42,17,54,0
32,8,32,0
55,30,64,0
29,3,92,0
64,38,40,0
37,11,60,0
31,5,85,0
25,0,21,0
31,5,35,0
32,7,52,0
58,34,128,0
26,2,195,0
51,25,68,0
65,41,55,0
43,17,55,0
46,21,80,0
28,3,123,0
63,37,90,0
59,29,61,0
42,15,41,0
58,33,43,0
39,13,71,0
36,12,25,0
60,33,154,1
47,21,141,0
29,4,22,0
52,28,145,0
41,16,49,0
63,37,109,0
59,34,80,0
44,20,82,0
54,28,52,0
29,5,85,0
51,25,148,0
63,39,160,0
36,11,39,0
42,16,25,0
51,25,33,0
47,20,38,0
40,16,85,0
54,28,48,0
47,21,15,0
35,10,94,0
28,4,120,0
45,19,60,0
33,9,145,0
62,36,29,0
45,18,78,0
59,35,59,0
58,28,80,0
52,26,180,0
34,8,8,0
65,35,23,0
48,23,79,0
44,19,78,0
61,37,64,0
40,14,64,0
65,39,160,1
28,4,43,0
67,42,32,0
35,9,179,0
60,35,8,0
58,32,63,0
55,30,40,0
34,9,99,0
35,9,141,1
28,4,159,0
38,12,39,0
62,38,99,0
30,4,18,0
38,12,38,0
33,8,133,0
58,34,84,0
59,35,60,0
52,28,178,1
36,12,18,0
45,21,73,0
49,23,125,0
52,26,91,1
54,28,74,0
30,4,35,0
65,39,113,0
34,8,52,0
30,6,191,1
51,25,18,0
52,27,25,0
43,18,50,0
35,10,75,0
56,26,92,0
57,32,33,0
58,32,65,0
53,28,44,0
45,21,183,0
44,20,175,0
54,28,28,0
41,17,49,0
52,26,45,0
43,17,64,1
63,38,22,0
54,30,120,0
33,8,175,0
25,0,101,0
41,16,104,0
40,16,155,1
43,18,58,0
36,10,80,0
57,33,45,0
34,9,134,0
38,14,58,0
47,21,20,0
39,13,25,0
45,20,55,0
62,37,155,0
59,34,30,0
61,37,39,0
36,12,73,0
58,34,41,0
55,30,34,0
29,5,21,0
34,8,11,0
61,35,154,0
50,20,19,0
52,26,101,0
39,15,24,0
55,29,131,0
33,9,105,0
47,21,52,0
57,32,21,0
57,31,45,0
40,14,39,0
50,25,192,0
29,5,195,0
46,22,83,0
42,15,34,0
59,33,49,0
31,1,60,0
51,25,41,0
35,10,72,0
59,35,102,1
35,10,31,0
46,20,73,0
34,9,89,0
55,29,19,0
64,40,63,0
34,9,104,0
61,35,40,0
63,39,92,0
59,33,72,0
51,27,44,0
41,16,114,1
37,13,73,0
64,40,63,0
44,20,69,0
62,37,42,0
50,26,88,0
43,18,98,0
34,8,65,1
38,13,12,0
29,5,122,1
39,14,12,0
53,29,24,0
43,19,170,1
61,36,184,1
46,20,25,0
57,31,131,0
59,33,50,0
52,28,21,0
29,3,55,0
57,32,124,1
49,23,58,0
39,13,72,0
56,31,192,1
63,38,83,0
37,12,93,0
56,26,38,0
45,20,55,0
66,41,11,0
40,15,85,0
50,24,124,0
60,36,129,0
31,7,180,0
40,14,74,0
36,6,138,1
55,29,111,1
54,28,83,0
35,10,33,0
55,29,21,0
36,10,35,0
66,41,105,0
38,14,103,0
58,32,75,0
41,17,33,0
60,34,52,0
47,23,89,0
62,36,63,0
48,23,84,1
61,36,44,0
29,3,29,0
45,21,29,0
39,14,22,0
31,6,53,0
39,14,24,0
63,38,153,0
28,2,31,0
56,30,21,0
31,6,180,0
46,20,82,0
42,18,90,0
53,29,154,1
41,17,99,0
61,36,153,1
31,5,93,1
62,38,53,0
59,34,18,0
49,24,70,0
65,39,100,0
30,6,193,1
32,7,125,0
56,31,68,0
36,10,55,0
58,34,152,1
27,3,84,0
41,16,13,0
59,35,33,0
56,32,89,0
52,26,93,0
35,5,68,0
47,21,85,0
29,4,73,0
31,6,83,0
62,36,158,1
48,18,182,1
26,1,24,0
60,34,102,0
35,11,53,0
40,15,175,0
31,5,28,0
50,25,14,0
33,7,139,1
37,11,34,0
38,14,64,0
63,38,84,0
57,32,42,0
61,35,63,0
37,12,100,0
51,25,190,1
44,20,22,0
63,37,20,0
43,18,21,0
38,14,25,0
34,9,20,0
48,23,173,1
29,5,81,0
37,11,139,1
60,35,119,0
46,20,74,0
34,10,42,0
56,30,73,0
57,31,114,1
62,36,44,0
32,8,141,0
51,26,14,0
55,29,33,0
60,34,83,0
40,16,89,0
62,38,39,0
63,39,83,0
60,34,108,0
59,34,21,0
26,1,102,0
56,32,48,0
58,32,32,0
57,31,43,0
48,23,35,0
30,6,184,0
45,21,140,0
64,38,32,0
44,20,149,0
51,25,15,0
43,16,71,0
29,3,108,0
56,30,122,0
65,41,40,0
46,22,198,0
48,24,79,0
56,31,84,0
61,37,31,0
46,20,12,0
58,34,88,0
31,5,29,0
27,3,201,0
44,20,20,0
44,20,15,0
51,27,155,0
39,13,25,0
32,8,200,0
33,7,101,0
40,16,19,0
36,12,188,0
52,28,8,0
54,29,59,0
26,2,72,0
39,15,55,0
46,19,24,0
57,32,19,0
59,33,71,0
52,26,54,0
52,26,28,0
50,20,25,0
41,17,51,0
43,19,125,1
25,0,88,0
40,16,125,0
35,10,79,0
60,36,31,0
57,31,131,0
44,19,70,0
61,36,38,0
33,7,83,0
45,20,59,0
45,21,121,0
64,38,42,0
50,24,32,0
28,3,29,0
37,12,40,0
62,36,25,0
29,5,21,0
49,23,79,0
46,22,52,0
60,34,61,0
55,31,25,0
33,8,155,1
53,29,25,0
50,24,80,0
28,3,55,0
42,17,23,0
33,9,60,0
40,14,54,0
31,6,44,0
41,16,33,0
52,27,45,0
65,35,55,0
48,24,134,0
45,21,44,0
26,0,149,0
64,38,22,0
41,14,74,0
43,18,128,1
60,36,62,0
62,37,9,0
46,21,9,0
36,11,15,0
31,5,28,0
43,18,83,0
46,22,73,0
50,26,42,0
52,27,34,0
27,3,32,0
34,9,68,0
49,24,82,0
52,26,19,0
37,11,60,0
53,27,192,0
54,29,119,1
29,3,190,0
35,11,34,0
32,6,44,0
38,13,23,0
44,20,171,1
44,20,43,0
48,22,139,0
46,20,118,0
35,9,113,1
56,32,98,1
49,24,70,0
57,32,42,0
35,10,143,0
44,20,185,1
38,14,28,0
57,33,45,0
35,10,78,0
29,3,121,0
58,32,59,0
40,16,64,0
51,26,15,0
61,36,10,0
46,20,61,0
55,31,50,0
35,10,79,0
60,34,35,0
28,3,11,0
43,19,128,0
61,36,55,0
48,22,79,0
65,39,18,0
45,19,91,0
36,11,9,0
45,20,62,0
60,34,59,0
47,22,25,0
32,7,54,0
48,23,112,1
33,8,125,0
49,23,194,1
56,32,161,1
59,33,35,0
56,30,113,0
30,4,25,0
59,29,45,0
38,13,119,0
47,22,30,0
54,29,79,0
34,9,178,1
41,16,23,0
47,23,171,0
44,19,74,0
43,18,103,0
31,7,99,0
28,2,43,0
55,25,23,0
42,17,91,0
53,29,93,0
30,6,154,0
65,40,21,0
43,18,65,0
56,32,15,0
25,0,52,0
35,10,30,0
50,26,42,0
36,10,20,0
34,8,60,0
32,6,54,0
51,25,60,0
52,25,41,0
65,39,30,0
51,24,21,0
37,13,105,0
35,11,65,0
67,41,20,0
30,6,179,1
62,38,161,0
42,17,82,0
48,22,43,0
61,36,61,0
36,6,90,0
48,24,90,0
65,39,21,0
25,1,118,0
55,30,44,0
63,37,110,1
31,5,99,0
43,17,98,0
28,4,69,0
37,11,82,0
27,3,112,0
62,38,123,0
51,24,78,0
56,30,59,0
56,30,78,0
44,19,49,0
46,19,82,0
56,32,125,1
56,30,185,0
57,33,163,0
31,6,19,0
65,41,115,0
31,7,81,0
36,10,93,0
56,30,111,1
52,27,184,0
42,18,50,0
55,30,55,0
49,24,13,0
51,25,29,0
26,2,72,0
32,7,83,0
54,29,98,0
50,24,43,0
59,33,34,0
61,36,10,0
43,19,201,0
39,14,85,0
56,26,50,0
38,14,91,0
25,0,112,0
42,17,98,0
42,18,115,0
50,26,22,0
56,30,101,0
43,18,83,0
60,35,52,0
42,16,191,1
57,33,134,1
48,24,54,0
37,11,69,0
57,32,64,0
62,32,53,0
39,9,118,1
38,13,19,0
54,28,31,0
45,21,63,0
39,15,25,0
45,19,22,0
62,38,78,0
43,19,81,0
30,6,41,0
35,10,62,0
58,34,35,0
44,19,30,0
56,29,51,0
28,2,140,0
64,39,73,0
63,39,40,0
44,20,69,0
34,9,191,1
50,24,82,0
51,25,181,1
30,4,38,0
55,31,23,0
57,33,55,0
43,19,58,0
61,36,29,0
49,23,39,0
52,28,39,0
57,33,30,0
53,23,58,0
52,28,62,0
39,15,62,0
58,34,19,0
36,12,38,0
45,21,84,0
30,5,78,0
49,25,22,0
44,20,81,0
43,17,32,0
42,18,89,0
29,4,121,0
28,2,42,0
50,24,130,0
44,19,30,0
52,26,114,0
28,4,155,0
62,38,50,0
34,10,34,0
45,20,94,0
52,26,114,0
43,18,89,0
54,24,49,0
64,38,115,0
27,3,148,0
42,17,72,0
28,2,114,0
47,22,11,0
39,13,63,0
29,3,113,0
39,13,80,0
41,15,54,0
37,11,32,0
41,17,11,0
45,19,141,0
52,26,84,0
58,33,18,0
31,5,20,0
26,1,55,0
31,7,31,0
42,17,114,0
56,31,52,0
52,28,18,0
59,35,55,0
32,8,29,0
46,22,30,0
52,28,38,0
30,5,122,0
32,8,183,0
35,11,41,0
49,24,38,0
54,30,61,0
56,32,103,1
48,22,80,0
28,2,22,0
44,17,128,1
30,4,142,1
44,20,124,0
30,4,44,0
47,23,170,1
64,39,75,0
48,21,78,0
63,38,31,0
25,0,99,0
61,36,41,0
46,21,39,0
57,31,51,0
40,15,52,0
49,19,169,1
30,5,141,0
41,17,93,0
42,15,14,0
63,39,160,0
43,17,44,0
59,34,33,0
46,20,103,1
33,3,71,0
55,29,55,0
36,12,113,1
47,20,79,0
59,33,80,0
38,12,179,0
42,17,9,0
30,3,61,0
63,38,111,0
60,35,80,0
62,37,32,0
49,23,83,0
59,33,91,0
36,10,29,0
46,19,19,0
35,8,52,0
50,24,150,0
51,25,32,0
41,16,91,0
45,20,180,1
41,17,121,0
57,32,25,0
51,25,102,0
52,28,44,0
43,16,161,1
63,38,134,1
28,4,43,0
43,18,94,0
41,15,29,0
34,8,38,0
28,3,120,0
58,32,85,0
39,15,89,0
49,23,25,0
33,8,20,0
37,12,125,0
33,7,18,0
28,3,173,0
54,29,34,0
63,38,159,1
57,31,55,0
56,30,32,0
54,29,65,0
29,5,83,0
41,16,30,0
58,32,180,0
61,37,13,0
30,4,35,0
62,37,95,0
52,28,83,0
29,3,39,0
46,20,54,0
52,27,81,0
40,16,53,0
49,23,119,0
34,9,160,1
35,11,21,0
26,2,40,0
65,40,69,0
52,27,45,0
32,7,55,0
31,7,38,0
36,9,44,0
50,24,45,0
36,12,84,0
51,27,188,1
39,9,29,0
53,29,95,0
50,25,79,0
31,4,41,0
53,23,19,0
48,23,75,0
57,31,64,0
47,21,174,1
55,29,54,0
37,11,14,0
59,35,94,0
53,29,10,0
31,6,145,0
35,5,203,1
25,0,81,0
37,13,153,0
40,14,58,0
31,5,49,0
62,38,132,0
41,17,85,0
56,32,85,0
47,23,178,1
28,4,104,0
60,34,40,0
27,2,103,0
57,33,25,0
62,36,69,0
57,31,30,0
44,17,70,0
31,7,15,0
31,5,125,0
39,13,50,0
41,17,44,0
41,17,38,0
55,29,64,0
28,2,9,0
35,9,44,0
44,20,93,0
44,19,83,0
40,14,179,0
65,40,40,0
35,10,58,0
55,31,74,0
55,31,15,0
59,35,11,0
39,15,41,0
50,24,68,0
45,15,28,0
50,26,115,1
65,40,83,0
36,11,40,0
57,32,113,0
53,27,89,0
28,4,38,0
55,31,62,0
56,31,65,0
33,6,168,1
57,32,40,0
27,3,30,0
27,3,20,0
54,30,58,0
48,22,150,0
62,38,54,0
41,16,19,0
62,38,30,0
40,14,123,0
32,8,45,0
62,38,154,0
35,11,93,0
25,0,71,0
50,25,83,1
61,35,99,1
43,17,55,0
52,28,38,0
39,13,74,0
33,3,69,0
27,3,104,0
27,0,38,0
32,8,25,0
65,40,162,0
55,29,64,0
52,27,30,0
39,13,52,0
35,11,42,0
39,15,79,0
34,10,34,0
30,5,123,0
37,12,160,0
41,14,51,0
31,7,108,0
37,13,158,1
49,23,68,0
58,33,42,0
45,15,32,0
40,14,22,0
34,8,29,0
62,36,183,1
54,30,69,0
26,2,92,0
54,30,40,0
29,4,9,0
48,23,128,0
27,3,110,0
42,18,171,0
25,1,13,0
45,19,25,0
34,9,123,1
51,27,33,0
51,24,189,1
60,35,34,0
59,35,58,0
49,24,51,0
50,25,29,0
41,16,111,0
49,24,43,0
50,25,130,0
63,37,20,0
63,37,101,0
33,7,48,0
38,12,180,1
64,40,92,0
36,10,33,0
58,33,51,0
39,14,31,0
46,22,83,0
61,37,45,0
53,27,89,0
28,3,193,1
64,40,89,0
48,24,162,1
38,13,9,0
52,22,58,0
65,40,80,0
59,33,73,0
45,20,41,0
53,28,74,0
38,12,29,0
54,24,25,0
25,1,98,0
61,35,59,0
48,23,43,0
46,22,72,0
36,11,183,1
46,20,134,0
59,33,140,0
59,35,39,0
36,12,35,0
63,37,141,0
51,24,23,0
30,5,134,0
48,22,35,0
55,29,42,0
41,17,81,0
26,0,14,0
41,17,45,0
54,28,79,0
57,31,53,0
54,28,33,0
35,11,190,1
60,34,60,0
63,37,8,0
41,14,38,0
46,22,154,0
31,5,54,0
58,32,41,0
59,35,25,0
46,22,53,0
33,9,79,0
56,31,13,0
47,23,130,0
59,33,93,0
24,0,82,0
39,14,15,0
30,3,150,1
55,29,131,1
47,21,28,0
35,11,9,0
47,23,88,0
38,13,143,0
38,13,168,1
27,3,105,1
42,18,62,0
26,2,51,0
60,34,101,0
27,3,90,0
27,1,83,0
40,15,21,0
40,16,115,0
29,3,172,1
30,6,32,0
30,4,204,0
47,23,34,0
33,7,30,0
57,32,31,0
38,14,90,0
54,28,79,0
47,23,22,0
48,22,114,1
62,36,42,0
30,6,29,0
35,11,72,0
59,35,68,0
38,13,78,0
47,23,90,0
57,33,170,1
42,17,14,0
39,15,129,0
53,23,39,0
27,3,82,0
59,35,31,0
48,24,9,0
62,37,15,0
66,41,70,0
38,13,84,0
42,17,155,0
47,21,89,0
27,2,170,1
32,7,185,0
37,13,82,0
56,31,60,0
39,13,58,0
36,12,29,0
32,6,32,0
62,37,115,0
48,22,83,0
58,32,54,0
27,2,112,0
52,26,182,1
54,30,112,0
31,5,129,1
60,34,23,0
34,9,198,0
46,22,84,0
41,15,39,0
62,37,129,0
31,7,113,0
41,11,35,0
55,30,85,0
45,19,73,0
51,25,70,0
27,2,130,1
30,4,39,0
31,5,72,0
61,37,68,0
40,16,35,0
45,21,61,0
45,21,69,0
37,13,59,0
34,8,99,0
43,16,201,1
42,18,130,0
56,31,72,0
33,9,44,0
36,10,91,0
62,37,92,0
58,34,55,0
65,40,20,0
65,40,89,1
52,26,59,0
64,39,8,0
51,25,85,0
59,35,94,0
52,28,22,0
55,31,74,0
46,19,59,0
61,36,12,0
35,9,8,0
56,31,74,0
31,5,184,1
44,19,34,0
53,27,63,0
36,12,123,1
27,1,85,0
36,12,109,1
40,15,31,0
39,13,61,0
59,35,88,0
43,18,22,0
30,4,63,0
26,1,80,0
48,22,78,0
50,24,45,0
33,7,51,0
32,6,111,0
34,10,45,0
33,9,184,1
32,5,41,0
55,30,69,0
58,33,23,0
47,23,160,0
30,5,61,0
42,18,110,0
40,16,50,0
33,9,49,0
46,20,185,1
63,39,52,0
62,37,53,0
43,17,125,1
31,5,72,0
28,2,51,0
64,39,23,0
27,1,41,0
33,9,41,0
39,12,138,1
44,20,138,0
53,28,14,0
42,18,145,0
44,17,25,0
34,10,43,0
47,22,93,0
53,29,90,0
62,36,41,0
61,36,169,1
42,17,63,0
48,21,23,0
38,13,140,1
41,15,75,0
57,32,13,0
31,7,10,0
39,15,100,0
48,22,85,0
55,31,73,0
29,4,130,0
47,22,65,0
61,36,59,0
60,34,31,0
34,10,134,0
45,21,11,0
60,35,32,0
25,0,53,0
41,17,28,0
63,37,44,0
63,39,40,0
43,19,40,0
58,32,163,0
50,25,82,0
38,12,89,0
54,30,78,0
61,36,55,0
29,5,34,0
39,12,108,1
33,7,58,0
23,0,73,0
56,31,54,0
54,30,45,0
37,11,123,1
38,12,93,0
34,9,102,0
53,29,39,0
65,40,114,0
62,37,29,0
51,25,30,0
31,5,22,0
64,38,38,0
39,15,41,0
28,3,161,1
60,35,38,0
47,23,25,0
25,1,70,0
44,19,201,0
51,26,42,0
31,7,64,0
32,7,28,0
51,25,119,0
25,1,28,0
43,19,60,0
54,29,23,0
34,8,164,1
54,30,39,0
42,17,19,0
46,20,72,0
62,37,41,0
31,5,32,0
30,5,69,0
52,28,23,0
35,9,44,0
60,36,32,0
58,34,25,0
24,0,80,0
40,16,83,0
49,23,133,0
43,18,89,0
33,7,81,0
36,11,44,0
62,36,119,0
57,32,39,0
64,38,40,0
52,26,79,0
54,28,30,0
40,14,179,1
30,5,178,0
55,30,82,0
39,13,50,0
55,30,64,0
28,4,129,0
44,18,68,0
46,21,30,0
61,36,48,0
61,36,130,0
45,20,40,0
38,14,105,0
29,3,41,0
52,28,168,1
38,14,80,0
28,3,134,0
34,9,49,0
35,9,63,0
46,22,70,0
63,37,32,0
33,9,14,0
38,14,111,0
53,27,38,0
28,2,121,0
44,18,90,0
58,31,178,1
38,14,20,0
48,24,61,0
33,7,43,0
66,42,39,0
59,34,60,0
40,15,63,0
36,11,8,0
62,38,52,0
51,27,92,1
58,32,111,0
52,26,71,0
41,16,25,0
31,5,34,0
28,3,74,0
57,31,120,0
61,37,50,0
60,36,10,0
56,29,45,0
49,23,29,0
63,37,145,0
49,23,100,0
49,25,24,0
32,8,60,0
26,1,50,0
27,1,43,0
57,31,79,0
29,5,44,0
56,30,31,0
59,35,14,0
53,28,19,0
54,29,111,1
56,30,90,0
50,25,21,0
51,25,104,1
53,27,75,0
37,12,175,0
32,7,98,1
49,23,41,0
34,8,171,1
54,30,79,0
64,39,24,0
58,34,90,1
25,0,39,0
50,25,9,0
38,13,15,0
48,24,80,0
41,15,63,0
32,8,20,0
46,22,43,0
39,15,65,0
39,15,91,0
63,39,53,0
58,32,110,0
28,4,82,0
36,11,23,0
43,19,172,0
36,12,88,0
44,18,71,0
31,5,180,1
45,21,39,0
39,13,94,0
43,16,25,0
40,15,10,0
30,5,42,0
58,33,142,0
46,21,34,0
35,10,139,0
30,4,154,0
34,8,40,0
62,32,33,0
58,34,80,0
45,18,10,0
42,16,41,0
60,36,30,0
55,29,78,0
45,21,164,0
52,27,23,0
31,7,149,0
60,34,25,0
33,9,42,0
37,11,71,0
59,34,114,1
51,26,70,0
47,23,149,1
60,33,55,0
61,36,29,0
64,40,123,0
46,20,152,1
31,7,8,0
57,32,69,0
48,23,161,1
48,23,79,0
35,10,105,0
33,8,39,0
47,23,163,0
46,20,9,0
44,20,71,0
42,18,51,0
50,24,32,0
52,26,161,1
53,27,60,0
37,10,35,0
64,40,41,0
46,22,73,0
57,33,49,0
61,35,79,0
42,18,120,0
40,16,60,0
33,8,78,0
50,26,40,0
52,26,110,1
35,11,160,1
57,32,68,0
56,31,49,0
44,20,65,0
23,0,55,0
33,8,62,0
48,22,152,0
45,18,42,0
54,28,39,0
42,17,111,1
47,21,82,0
61,36,108,0
53,27,59,0
56,30,61,0
33,6,78,0
44,18,18,0
63,37,113,0
47,20,62,0
50,24,81,0
49,25,13,0
34,9,75,0
40,14,33,0
38,13,179,0
51,26,69,0
28,4,45,0
52,26,59,0
39,13,81,0
29,5,133,0
54,29,81,0
63,38,14,0
40,14,28,0
36,12,93,0
45,20,191,1
61,37,155,0
26,0,155,0
33,8,68,0
64,40,52,0
43,17,51,0
24,0,44,0
30,5,121,0
60,36,49,0
50,26,42,0
40,15,144,0
31,6,72,0
30,4,44,0
60,35,43,0
39,14,74,0
66,41,145,0
65,41,158,0
54,28,78,0
54,29,154,1
35,9,105,0
32,7,100,0
63,39,58,0
60,35,113,0
43,18,10,0
59,33,142,0
62,37,128,0
30,5,131,1
54,30,88,0
30,6,101,0
31,1,70,0
44,20,122,0
32,8,70,0
63,38,148,1
57,32,43,0
60,30,31,0
37,11,35,0
53,27,81,0
51,25,19,0
30,5,98,0
28,2,101,0
50,24,81,0
52,27,135,0
56,30,34,0
40,16,104,0
64,38,29,0
61,36,119,1
46,20,82,0
55,29,62,0
45,19,85,0
40,15,8,0
63,37,78,0
57,32,44,0
38,14,122,0
37,11,22,0
31,5,39,0
50,26,55,0
42,18,144,0
51,27,71,0
38,13,191,0
53,26,22,0
43,17,158,0
35,9,131,1
49,24,75,0
28,4,69,0
51,27,39,0
39,14,34,0
31,7,32,0
44,18,129,0
46,20,158,1
42,18,54,0
41,17,34,0
23,0,45,0
59,33,68,0
47,21,53,0
48,23,32,0
58,33,173,1
58,34,31,0
54,29,72,0
49,24,30,0
63,38,138,0
62,37,18,0
45,19,69,0
39,13,58,0
58,34,63,0
56,30,43,0
29,5,28,0
33,9,38,0
55,29,72,0
56,31,64,0
36,12,70,0
53,29,12,0
57,31,159,0
35,9,103,0
43,18,42,0
54,29,48,0
29,3,49,0
39,14,89,0
32,8,22,0
51,27,10,0
50,25,38,0
54,29,49,0
38,12,30,0
32,7,82,0
62,37,82,0
57,33,24,0
47,23,32,0
51,25,34,0
54,27,195,1
26,1,61,0
37,11,22,0
27,0,40,0
63,38,50,0
62,36,35,0
59,33,64,0
32,7,49,0
35,8,44,0
56,31,65,0
55,31,13,0
31,5,84,0
54,29,28,0
58,32,108,0
48,24,59,0
48,22,163,0
33,9,183,1
36,6,69,0
41,16,115,0
55,31,130,1
63,37,185,1
53,29,118,0
38,13,163,0
46,20,140,0
59,33,91,0
56,31,61,0
59,35,168,1
39,13,69,0
47,21,22,0
47,22,53,0
53,26,25,0
36,9,115,1
34,9,31,0
36,10,83,0
60,34,152,0
45,20,30,0
27,3,34,0
47,22,44,0
44,20,182,0
54,30,44,0
57,33,122,0
52,26,35,0
51,25,91,0
57,32,30,0
65,39,53,0
58,33,28,0
64,39,85,0
52,26,28,0
58,34,41,0
52,22,154,1
43,18,41,0
56,32,33,0
37,12,182,1
53,27,59,0
27,2,129,0
53,27,35,0
42,16,185,1
58,34,45,0
36,12,62,0
53,28,183,1
48,22,14,0
54,28,53,0
26,1,48,0
50,26,128,0
31,7,105,0
35,9,40,0
63,37,10,0
29,4,102,0
57,32,31,0
30,5,30,0
33,7,21,0
62,36,44,0
35,10,48,0
37,11,21,0
37,11,84,0
35,10,64,0
35,9,82,0
59,35,39,0
53,27,45,0
45,21,133,1
46,22,152,0
40,16,12,0
42,16,32,0
25,1,74,0
39,14,54,0
30,6,181,1
58,33,75,0
41,15,95,0
37,11,190,1
36,11,90,0
27,3,20,0
60,34,64,0
62,36,85,0
67,43,105,0
44,18,21,0
24,0,78,0
45,21,158,0
58,34,125,0
61,36,81,0
54,29,183,0
28,3,54,0
49,24,79,0
35,11,38,0
36,10,172,1
34,8,184,1
36,11,158,0
35,11,188,1
27,2,20,0
42,18,60,0
65,39,113,0
29,5,70,0
65,41,84,0
59,33,23,0
46,22,141,0
59,33,110,0
52,26,31,0
60,35,22,0
43,17,91,0
65,39,82,0
50,26,23,0
48,23,35,0
49,25,114,1
58,33,18,0
24,0,80,0
58,32,74,0
45,19,122,1
42,15,73,0
64,40,40,0
49,25,55,0
55,31,69,0
40,14,92,0
28,2,48,0
57,31,113,1
50,25,58,0
40,16,109,0
55,28,39,0
53,29,33,0
48,24,18,0
59,33,63,0
58,32,43,0
38,14,70,0
49,25,19,0
60,36,39,0
54,28,81,0
28,2,34,0
27,1,140,1
42,18,114,0
52,28,55,0
54,30,21,0
56,30,50,0
58,34,41,0
56,32,190,1
64,40,8,0
35,8,55,0
45,20,40,0
57,32,22,0
35,8,44,0
46,22,102,1
30,4,54,0
44,20,130,1
39,12,75,0
42,18,42,0
34,9,133,0
46,20,40,0
55,31,34,0
28,3,142,0
35,10,64,0
60,35,44,0
50,24,95,0
52,26,49,0
51,27,12,0
51,26,98,0
59,35,42,0
53,28,44,0
43,17,124,0
31,6,175,0
32,6,22,0
41,17,78,0
31,4,54,0
41,16,154,0
47,22,42,0
37,13,195,0
53,23,80,0
49,22,81,0
62,36,89,0
33,9,61,0
54,24,25,0
27,3,43,0
60,35,122,0
29,5,160,0
56,32,83,0
55,30,79,0
45,19,30,0
33,9,145,0
45,21,151,0
44,18,14,0
37,11,19,0
42,16,55,0
26,2,132,1
33,8,182,0
61,36,78,0
31,7,42,0
54,29,44,0
62,38,195,1
61,36,53,0
66,41,65,0
38,12,43,0
55,29,38,0
60,36,50,0
23,0,81,0
29,3,41,0
35,10,73,0
53,27,31,0
32,7,84,0
38,14,95,0
44,18,162,1
43,18,60,0
54,30,121,1
52,25,43,0
31,7,38,0
47,22,82,0
42,18,52,0
57,33,43,0
33,8,82,0
35,10,161,0
56,30,24,0
57,32,102,0
25,0,53,0
53,28,85,0
59,33,111,0
56,32,90,0
54,28,94,0
48,23,63,0
55,30,153,1
33,7,39,0
46,21,205,0
42,18,142,0
49,25,163,0
42,17,113,0
46,21,64,0
65,40,20,0
50,24,179,0
54,24,91,0
42,18,103,1
57,33,80,0
61,35,38,0
60,34,44,0
40,14,164,1
33,7,81,0
37,13,95,0
52,28,44,0
33,7,88,0
62,36,148,1
62,37,169,1
63,37,11,0
55,25,92,0
33,9,74,0
25,1,72,0
55,31,63,0
29,3,172,0
45,21,183,0
60,34,40,0
44,18,68,0
48,23,78,0
57,32,68,0
58,32,49,0
58,33,39,0
44,20,151,0
54,28,159,0
59,33,89,0
63,37,105,0
61,35,78,0
58,32,128,0
44,20,81,0
53,29,50,0
63,39,38,0
41,17,119,0
50,26,110,0
51,25,29,0
47,22,19,0
43,19,130,1
46,21,38,0
50,24,31,0
33,9,14,0
27,2,158,1
34,8,39,0
34,9,141,1
28,2,33,0
29,5,92,0
52,26,78,0
47,22,42,0
41,16,15,0
58,32,48,0
37,12,63,0
57,33,149,0
63,39,49,0
60,35,125,0
50,25,58,0
60,35,48,0
54,30,75,0
28,4,114,0
45,21,134,1
28,2,111,0
54,29,62,0
42,18,45,0
30,4,113,0
61,36,128,0
64,38,168,1
38,13,81,0
39,14,75,0
54,29,21,0
59,33,83,0
39,15,121,0
63,33,40,0
31,5,101,0
56,26,90,0
47,20,68,0
28,3,74,0
32,8,74,0
54,30,51,0
29,5,149,0
39,15,31,0
26,0,85,0
29,0,62,0
46,21,44,0
38,13,63,0
55,31,23,0
48,22,40,0
36,10,78,0
39,13,40,0
40,16,78,0
26,0,129,1
55,29,71,0
61,35,23,0
57,33,15,0
56,31,28,0
31,5,23,0
61,31,19,0
58,32,42,0
43,18,113,0
29,5,34,0
50,23,19,0
49,25,43,0
43,18,179,1
58,32,44,0
41,16,21,0
65,40,115,0
52,27,81,0
55,31,91,0
49,25,30,0
52,22,55,0
56,31,48,0
30,4,23,0
36,10,21,0
41,17,55,0
42,15,21,0
60,34,40,0
44,20,30,0
34,9,78,0
56,32,65,0
31,5,50,0
29,4,55,0
31,5,111,0
36,10,21,0
42,16,65,0
64,39,114,0
61,36,54,0
35,11,75,0
28,2,13,0
38,14,54,0
44,17,22,0
45,20,198,0
46,20,18,0
57,32,74,0
40,14,61,0
38,12,64,0
39,14,10,0
23,0,82,0
47,22,61,0
32,7,83,0
30,5,73,0
54,30,22,0
25,0,91,0
60,34,65,0
61,36,13,0
36,11,103,0
52,26,95,0
33,7,31,0
57,31,131,1
34,8,175,1
50,24,38,0
43,18,104,0
34,10,114,1
26,1,38,0
26,0,30,0
48,22,19,0
49,25,25,0
47,22,124,1
43,19,20,0
40,15,83,0
31,5,18,0
27,1,99,1
55,29,62,0
54,30,24,0
23,0,13,0
54,28,64,0
57,33,62,0
41,15,158,1
28,4,88,0
33,7,28,0
51,27,52,0
28,4,82,0
63,37,140,0
29,4,80,0
62,38,58,0
51,25,180,0
52,28,55,0
43,16,65,0
39,12,62,0
35,9,23,0
34,10,35,0
49,24,35,0
43,18,74,0
48,24,14,0
30,4,83,0
46,21,71,0
43,17,53,0
27,3,103,0
39,15,109,0
58,33,60,0
44,17,12,0
39,15,141,0
35,10,128,0
41,16,98,0
43,18,41,0
55,25,90,0
32,6,31,0
56,26,74,0
30,5,83,0
65,39,35,0
31,7,140,0
41,15,65,0
55,29,35,0
37,7,73,0
34,10,29,0
34,9,55,0
33,9,20,0
48,23,70,0
28,3,81,0
30,4,25,0
44,20,119,0
61,35,49,0
59,33,38,0
33,7,80,0
56,32,84,0
53,29,61,0
42,16,173,1
43,19,60,0
35,9,83,0
61,35,59,0
39,9,32,0
61,37,33,0
40,15,19,0
34,8,14,0
65,39,94,1
40,16,154,0
39,15,33,0
61,35,28,0
40,16,44,0
49,23,81,0
43,18,29,0
45,21,58,0
52,28,38,0
32,8,82,0
31,7,18,0
27,2,45,0
33,9,64,0
65,40,48,0
62,37,24,0
55,25,65,0
46,20,111,0
37,12,114,0
60,35,39,0
44,14,19,0
35,9,22,0
52,28,49,0
30,4,40,0
62,36,63,0
41,15,55,0
38,14,33,0
52,26,31,0
48,24,24,0
47,22,81,0
41,17,81,0
44,20,113,0
31,6,92,0
50,25,81,0
36,11,101,0
52,26,78,0
62,38,78,0
55,30,35,0
61,37,9,0
34,7,82,0
34,9,41,0
59,35,84,0
41,17,42,0
33,8,54,0
55,30,84,0
64,40,131,0
44,19,85,0
32,8,84,0
67,41,114,0
40,14,61,0
57,31,39,0
59,35,21,0
43,17,111,1
58,34,68,0
50,23,179,1
52,27,93,1
35,9,85,0
40,15,180,0
31,5,110,0
32,8,65,0
55,31,159,1
43,19,81,0
31,6,132,0
26,0,44,0
58,33,98,0
51,25,62,0
45,21,91,0
56,30,29,0
25,0,101,0
38,13,65,0
62,36,58,0
39,13,32,0
56,30,140,1
50,25,44,0
52,27,113,0
53,28,38,0
25,0,13,0
44,20,62,0
42,12,29,0
42,16,141,1
63,37,132,1
57,32,23,0
56,32,11,0
60,34,90,0
62,38,43,0
48,22,59,0
37,11,28,0
55,29,28,0
42,17,108,0
39,13,78,0
47,22,65,0
34,10,25,0
48,23,108,0
52,27,43,0
53,29,95,0
49,25,24,0
47,22,190,0
48,24,24,0
38,13,41,0
48,22,80,0
56,26,63,0
65,41,79,0
46,20,105,1
60,35,153,1
50,25,114,0
41,15,120,0
41,16,104,0
60,35,20,0
57,31,41,0
48,23,35,0
53,27,174,1
42,18,164,1
45,20,22,0
35,10,132,0
34,9,32,0
67,42,21,0
36,9,49,0
37,13,79,0
40,14,30,0
35,10,118,0
60,34,11,0
59,29,61,0
35,9,43,0
27,1,141,1
29,3,54,0
35,9,33,0
38,13,84,0
62,37,125,1
43,19,110,0
35,11,14,0
41,15,65,0
65,41,78,0
61,35,18,0
55,25,95,0
28,3,95,0
52,26,191,0
34,4,19,0
49,23,19,0
42,18,39,0
49,23,93,0
49,23,115,1
32,6,112,0
59,35,40,0
43,19,45,0
48,24,133,0
31,5,85,0
30,4,18,0
58,34,54,0
41,15,41,0
38,8,21,0
33,9,152,0
51,27,53,0
45,18,163,1
34,10,84,0
39,13,59,0
44,18,33,0
55,29,81,0
28,2,182,1
57,31,61,0
43,18,88,0
46,21,170,0
35,10,83,0
25,0,44,0
65,41,83,0
64,38,21,0
39,15,143,0
62,36,103,0
46,22,135,1
36,11,162,0
42,17,73,0
35,10,142,1
63,37,25,0
45,21,115,0
27,3,88,0
29,3,73,0
55,29,94,0
32,7,58,0
37,11,81,0
25,0,113,0
41,16,35,0
52,28,65,0
31,6,170,0
40,14,62,0
54,29,54,0
48,22,39,0
39,15,28,0
64,40,95,0
54,29,82,1
39,14,21,0
55,30,50,0
42,12,34,0
58,32,19,0
45,21,71,0
29,5,113,0
36,11,9,0
63,37,118,0
55,29,79,0
54,24,72,0
61,36,18,0
36,12,93,0
61,37,62,0
39,12,23,0
57,31,40,0
35,10,34,0
66,41,114,0
49,23,125,0
48,23,41,0
61,35,38,0
44,19,45,0
23,0,12,0
31,5,115,0
39,15,175,0
45,21,24,0
39,14,28,0
64,38,32,0
64,38,63,0
47,23,32,0
34,9,60,0
56,31,53,0
33,8,58,0
56,29,42,0
57,31,39,0
43,17,72,0
43,17,80,0
26,1,39,0
64,40,18,0
43,18,30,0
44,18,54,0
60,35,128,0
37,13,38,0
56,32,120,0
54,29,25,0
43,18,85,0
57,32,135,1
29,4,14,0
54,30,70,0
61,37,23,0
29,3,31,0
47,21,132,0
43,19,28,0
46,22,125,1
55,31,91,0
48,23,191,0
26,1,88,0
63,37,84,0
57,27,64,0
58,33,28,0
28,3,149,0
61,37,172,1
65,41,42,0
33,6,53,0
63,37,149,1
43,19,113,0
26,2,79,0
57,31,175,0
50,25,38,0
54,27,120,1
59,34,52,0
49,24,42,0
54,30,13,0
65,39,141,0
34,10,131,0
31,6,133,1
31,6,64,0
64,39,49,0
52,26,34,0
57,33,91,0
60,36,195,0
45,18,53,0
39,13,39,0
25,1,20,0
29,4,104,0
40,15,51,0
36,12,154,1
33,9,38,0
51,27,12,0
35,9,28,0
54,28,33,0
29,2,31,0
32,8,44,0
37,13,49,0
55,31,134,0
30,6,182,1
49,23,114,0
51,26,90,0
65,39,105,0
32,8,58,0
29,3,53,0
46,20,15,0
64,39,103,0
27,1,58,0
50,23,83,0
33,9,125,1
38,12,61,0
38,11,69,0
37,11,89,0
46,20,70,0
31,4,39,0
35,9,41,0
50,26,148,0
45,21,38,0
30,6,95,1
60,36,129,0
31,5,84,0
60,35,29,0
36,10,30,0
64,40,90,0
29,4,150,0
58,33,15,0
59,34,13,0
58,33,9,0
35,10,24,0
43,17,41,0
33,7,25,0
54,28,49,0
38,12,58,0
38,12,141,0
57,32,50,0
34,10,61,0
52,27,65,0
50,24,112,0
60,34,19,0
26,0,23,0
56,30,60,0
39,15,30,0
45,20,144,1
30,5,118,1
37,11,194,0
45,19,109,0
48,22,174,0
65,40,34,0
46,20,84,0
40,16,41,0
33,7,92,0
40,10,19,0
60,35,55,0
51,27,22,0
41,16,155,0
37,13,72,0
35,9,81,0
35,11,30,0
46,20,54,0
60,34,60,0
51,25,68,0
31,5,65,0
30,6,31,0
32,8,169,1
53,27,139,1
33,7,29,0
40,15,43,0
57,33,80,0
51,26,43,0
30,4,194,0
41,15,24,0
54,29,32,0
42,18,153,1
30,6,30,0
60,36,165,1
56,30,64,0
63,38,15,0
56,30,70,0
39,9,32,0
29,5,128,1
28,2,84,0
41,16,62,0
28,4,33,0
49,25,65,0
30,3,33,0
63,37,15,0
45,18,45,0
40,15,132,0
28,4,29,0
62,38,65,0
38,12,52,0
32,7,64,0
58,32,73,0
33,3,20,0
60,34,44,0
34,8,79,0
38,14,104,0
44,20,88,0
56,26,51,0
37,11,61,0
45,19,23,0
44,20,38,0
37,13,75,0
47,21,42,0
51,25,45,0
63,38,59,0
61,31,130,1
43,18,9,0
41,15,62,0
59,35,202,0
29,5,162,0
32,6,93,0
64,39,145,0
50,25,99,1
35,11,148,1
34,10,154,1
58,34,149,0
41,15,69,0
37,11,30,0
35,8,48,0
45,20,42,0
53,29,132,0
53,27,81,0
54,29,60,0
28,3,45,0
58,28,70,0
47,21,71,0
24,0,28,0
27,1,83,0
42,18,131,0
50,26,82,0
41,16,79,0
46,21,51,0
46,20,111,0
51,25,93,0
59,35,73,0
58,33,24,0
37,11,64,0
39,14,104,0
47,22,38,0
51,26,191,0
64,34,53,0
59,35,74,0
55,29,21,0
57,32,80,0
59,33,41,0
42,17,79,0
34,9,141,1
41,14,32,0
43,13,38,0
53,29,85,0
47,21,93,0
49,23,140,1
35,9,69,0
52,27,32,0
53,28,61,0
48,22,125,0
35,8,30,0
52,26,104,0
60,35,24,0
33,7,22,0
38,12,59,0
29,4,120,1
35,9,164,0
26,2,60,0
48,24,43,0
43,19,70,0
60,35,51,0
27,3,59,0
38,13,129,1
40,15,22,0
38,14,29,0
50,25,18,0
38,13,65,0
34,9,65,0
42,16,38,0
60,34,110,0
62,37,22,0
59,33,43,0
49,25,30,0
49,23,134,0
36,11,32,0
33,9,139,0
43,17,45,0
53,27,62,0
57,31,51,0
53,27,93,0
60,35,122,0
34,10,45,0
51,26,179,0
36,12,64,0
63,39,41,0
37,13,58,0
57,33,64,0
52,27,28,0
38,8,21,0
61,35,60,0
31,5,78,0
39,13,59,0
38,12,59,0
46,22,83,0
48,22,128,0
58,33,95,0
50,25,160,1
67,41,78,0
36,11,184,1
30,4,30,0
58,33,51,0
43,18,35,0
31,1,74,0
37,11,43,0
49,22,23,0
27,1,20,0
50,25,112,0
46,20,74,0
49,23,65,0
29,5,124,0
55,29,65,0
61,37,73,0
45,19,8,0
33,8,53,0
63,39,131,1
32,6,13,0
42,17,60,0
51,27,45,0
44,20,39,0
33,6,78,0
39,13,43,0
56,30,31,0
28,3,118,1
43,17,82,0
30,6,112,0
34,8,10,0
26,1,18,0
58,32,72,0
43,19,72,0
40,14,78,0
54,30,78,0
44,19,30,0
54,28,45,0
39,14,80,0
59,35,174,0
53,29,51,0
32,8,181,0
40,14,78,0
54,29,79,0
27,3,119,0
63,39,49,0
26,0,83,1
33,7,100,0
43,19,70,0
57,32,52,0
26,2,12,0
55,30,82,0
30,4,34,0
63,37,112,0
55,25,42,0
35,11,83,0
45,21,142,1
47,23,199,0
31,4,29,0
56,26,70,0
49,24,25,0
53,27,84,0
62,36,81,0
63,37,15,0
26,0,54,0
59,35,108,1
40,16,83,0
42,16,62,0
29,4,134,0
40,16,75,0
31,7,109,0
35,10,152,0
62,36,83,0
51,26,52,0
32,6,31,0
27,3,135,1
62,37,98,0
66,41,14,0
53,27,64,0
49,25,109,0
65,40,118,0
30,5,80,0
60,34,51,0
30,6,115,1
54,28,83,0
54,28,90,0
37,12,28,0
32,7,82,0
51,27,24,0
46,22,71,0
41,17,80,0
62,36,109,0
54,28,140,0
52,27,39,0
51,25,39,0
24,0,50,0
61,35,31,0
55,25,35,0
37,11,44,0
64,38,35,0
34,8,20,0
31,7,10,0
42,18,83,0
47,22,203,0
29,5,84,0
34,8,41,0
36,11,164,0
34,10,152,0
26,2,62,0
48,24,12,0
47,23,28,0
39,13,52,0
62,37,19,0
34,9,35,0
43,19,28,0
55,30,70,0
65,40,140,0
26,0,102,0
57,27,50,0
32,7,61,0
35,9,188,1
63,33,178,1
49,25,44,0
23,0,12,0
30,6,69,0
43,19,132,0
39,14,128,0
31,6,44,0
65,39,44,0
34,8,34,0
37,12,132,0
62,38,158,0
33,9,83,0
48,22,28,0
33,9,131,1
45,19,31,0
44,19,40,0
37,11,71,0
31,5,42,0
56,31,35,0
30,4,81,0
61,35,91,0
32,7,129,1
51,27,75,0
26,1,54,0
31,5,43,0
43,18,94,0
57,32,84,0
42,18,34,0
48,23,15,0
46,21,99,0
33,7,15,0
45,21,83,0
31,6,83,0
42,18,143,0
56,30,81,0
63,39,39,0
42,18,158,1
50,24,62,0
31,6,64,0
65,40,29,0
60,34,64,0
34,10,21,0
62,32,142,1
56,30,64,0
51,25,40,0
44,19,61,0
41,16,44,0
43,16,78,0
25,0,25,0
40,16,125,0
53,29,63,0
54,30,54,0
36,12,92,0
26,2,119,0
35,11,40,0
29,4,41,0
35,11,81,0
28,4,101,0
48,24,25,0
46,20,55,0
31,7,43,0
40,16,98,0
27,1,112,0
32,2,69,0
67,43,79,0
24,0,118,0
45,18,81,0
26,0,19,0
42,17,139,1
65,40,63,0
59,33,102,0
30,5,40,0
32,6,44,0
36,12,59,0
48,24,224,0
56,31,64,0
44,20,129,0
60,34,43,0
51,27,12,0
34,10,53,0
45,21,39,0
47,23,65,0
29,5,18,0
52,28,55,0
61,35,60,0
40,14,42,0
24,0,44,0
33,7,111,0
33,8,62,0
52,26,44,0
40,14,69,0
45,20,62,0
27,3,35,0
38,13,91,0
50,26,12,0
41,15,89,0
60,34,65,0
64,34,179,1
34,8,82,0
30,6,48,0
31,4,20,0
41,15,91,0
61,37,122,0
42,18,22,0
48,23,43,0
59,34,38,0
57,33,61,0
37,13,33,0
53,27,145,0
53,27,170,0
26,2,55,0
39,14,40,0
35,11,68,0
59,33,53,0
43,18,63,0
39,15,123,0
49,24,13,0
47,23,12,0
41,17,53,0
57,33,79,0
42,17,89,0
61,36,188,1
56,26,62,0
29,3,123,1
25,0,40,0
32,8,119,1
37,12,123,1
31,5,23,0
38,14,62,0
40,14,69,0
61,36,124,0
50,26,52,0
32,7,134,0
62,36,58,0
62,37,45,0
40,15,75,0
59,34,23,0
43,19,123,1
62,37,48,0
48,22,145,0
29,5,31,0
58,32,38,0
43,18,78,0
39,15,94,0
33,7,84,0
40,15,22,0
28,3,78,0
38,11,75,0
65,40,71,0
35,11,24,0
29,5,112,0
61,35,53,0
46,21,41,0
50,23,25,0
60,33,42,0
54,27,51,0
43,18,19,0
38,14,90,0
46,22,89,0
64,39,22,0
24,0,119,0
39,13,93,1
34,8,18,0
65,40,32,0
38,14,182,1
62,36,19,0
59,35,85,1
49,25,90,0
57,32,59,0
64,38,84,0
47,22,95,1
30,6,13,0
42,18,88,0
53,28,34,0
50,24,11,0
62,38,80,0
34,10,41,0
47,21,90,0
62,37,93,1
61,35,81,0
59,34,60,0
47,21,39,0
65,39,22,0
56,32,32,0
56,32,28,0
31,7,35,0
61,31,154,1
42,18,189,0
44,19,40,0
47,21,88,0
30,6,124,0
62,38,23,0
56,32,23,0
25,0,139,0
53,28,173,1
26,0,42,0
59,35,161,0
62,36,28,0
58,32,191,1
40,14,42,0
35,5,81,0
51,25,175,1
41,15,82,0
51,27,53,0
27,1,142,1
46,21,42,0
46,20,64,0
31,5,90,0
58,32,44,0
42,18,29,0
59,35,93,0
54,24,69,0
35,11,82,0
34,9,180,1
46,21,13,0
52,28,72,0
55,30,54,0
34,9,104,0
57,32,44,0
45,19,40,0
29,3,190,0
49,23,64,0
36,11,9,0
57,31,38,0
25,0,72,0
43,17,82,0
27,2,48,0
54,28,82,0
53,26,14,0
55,29,162,0
43,19,54,0
35,11,90,0
59,34,64,0
42,18,65,0
51,25,113,0
57,32,38,0
39,15,65,0
53,27,39,0
31,6,174,0
33,3,59,0
38,14,43,0
47,21,24,0
63,39,50,0
44,19,68,0
61,37,61,0
52,28,21,0
59,34,21,0
56,32,31,0
58,33,70,0
30,6,25,0
42,17,78,0
51,27,19,0
60,35,23,0
30,4,40,0
49,23,22,0
26,0,71,0
36,12,58,0
65,40,75,0
27,0,40,0
60,35,155,1
32,6,83,0
46,20,99,0
60,36,59,0
28,2,53,0
50,26,11,0
52,28,179,1
29,0,71,0
30,4,85,0
42,18,49,0
32,6,122,0
40,15,171,0
49,24,138,1
53,23,8,0
42,17,59,0
38,14,49,0
60,34,92,0
27,3,75,0
61,35,60,0
27,2,41,0
45,21,40,0
41,16,81,0
44,20,52,0
38,14,25,0
39,15,139,0
48,22,54,0
47,22,81,0
64,39,73,0
27,0,30,0
66,41,59,0
43,17,21,0
34,9,65,0
28,2,41,0
52,28,52,0
45,20,84,0
24,0,135,0
39,14,18,0
40,16,34,0
30,5,85,0
49,23,23,0
53,27,65,0
56,30,195,0
50,24,40,0
53,29,141,1
60,34,95,0
58,33,23,0
43,19,82,0
46,21,53,0
29,3,10,0
56,30,75,0
48,23,23,0
61,36,133,0
41,17,129,0
35,11,85,0
48,23,168,0
43,19,83,0
37,12,52,0
47,22,114,0
29,3,81,0
63,38,32,0
43,19,63,0
57,32,70,0
55,31,20,0
47,23,138,0
58,34,63,0
53,28,85,0
59,35,180,1
46,22,80,0
41,15,53,0
46,20,72,0
44,18,123,1
44,18,91,0
50,26,148,0
51,25,163,1
55,30,28,0
37,12,193,0
34,10,22,0
59,34,74,0
45,20,70,0
30,4,11,0
32,8,61,0
61,37,41,0
54,28,108,1
35,10,23,0
63,38,135,1
66,40,30,0
48,24,144,1
60,34,139,1
41,17,143,1
31,7,44,0
58,31,49,0
67,42,75,0
35,9,43,0
40,14,59,0
42,17,154,1
44,18,75,0
47,23,75,0
59,35,88,0
29,3,91,1
36,6,11,0
47,22,22,0
55,29,49,0
41,17,140,0
51,25,99,0
26,2,82,0
33,9,10,0
30,5,109,0
30,4,45,0
45,19,93,0
40,16,89,1
42,15,39,0
50,26,21,0
62,37,31,0
63,37,31,0
43,19,52,0
49,25,13,0
51,25,21,0
61,36,50,0
43,19,81,0
43,19,74,0
61,36,89,0
35,9,82,0
59,33,88,0
40,16,61,0
61,36,139,0
48,23,29,0
37,11,51,0
56,32,58,0
35,9,21,0
35,8,43,0
40,16,104,0
50,23,9,0
49,25,39,0
46,22,89,0
64,40,21,0
60,35,173,1
45,21,29,0
52,27,43,0
58,34,30,0
54,30,39,0
48,22,83,0
51,25,58,0
53,26,8,0
57,27,39,0
43,18,204,0
37,13,45,0
32,7,111,0
34,10,83,0
54,24,83,0
62,36,115,0
56,32,60,0
39,15,53,0
32,7,134,0
50,24,91,0
27,1,91,0
37,12,128,0
60,34,78,0
43,19,161,0
62,36,60,0
39,14,161,0
34,9,40,0
46,21,68,0
46,22,74,0
51,26,55,0
44,20,145,0
60,35,24,0
65,39,10,0
58,33,138,0
37,12,63,0
52,28,54,0
42,16,62,0
54,29,81,0
54,28,61,0
51,27,68,0
59,35,78,0
41,17,165,0
43,17,48,0
52,26,155,1
52,26,158,1
57,31,52,0
53,28,18,0
58,33,42,0
59,33,18,0
57,31,40,0
27,2,44,0
42,16,11,0
52,26,194,1
49,23,108,0
47,23,12,0
45,19,19,0
25,1,150,0
47,22,89,0
44,19,83,0
30,3,79,0
63,38,102,0
50,24,155,0
40,16,138,0
56,31,51,0
39,15,80,0
42,18,135,0
28,1,34,0
26,0,195,1
58,32,62,0
38,13,173,0
23,0,149,0
53,29,20,0
54,28,42,0
42,17,28,0
54,28,95,0
66,42,95,0
46,21,34,0
63,37,191,1
63,38,41,0
58,34,150,0
65,41,91,0
35,9,84,0
33,9,73,0
43,19,122,0
30,5,73,0
61,37,20,0
49,24,130,1
52,27,85,1
45,21,134,0
64,39,98,0
26,1,54,0
35,11,41,0
45,19,128,1
44,20,132,1
34,8,188,1
65,41,170,1
32,8,14,0
41,15,93,0
52,28,79,0
35,9,79,0
51,26,62,0
30,6,95,0
58,33,60,0
49,23,75,0
63,38,85,0
40,15,143,0
27,0,34,0
38,14,44,0
52,28,31,0
49,24,13,0
59,35,52,0
32,8,42,0
30,4,102,0
64,38,143,1
59,33,10,0
62,37,44,0
61,37,158,0
53,26,12,0
51,26,59,0
55,29,92,0
36,10,82,0
44,19,44,0
26,2,182,1
54,30,121,0
35,11,38,0
34,10,92,0
28,3,53,0
32,7,45,0
38,14,63,0
53,28,181,0
26,1,184,1
45,21,33,0
58,33,22,0
59,33,99,0
45,18,44,0
64,39,101,0
30,3,32,0
40,16,59,0
61,36,25,0
40,16,140,1
40,10,29,0
43,19,35,0
39,14,141,1
35,11,75,0
38,12,58,0
67,43,41,0
55,30,42,0
28,2,55,0
30,4,18,0
59,35,75,0
26,2,85,0
52,28,43,0
40,15,149,0
31,7,25,0
50,25,19,0
27,3,18,0
64,39,13,0
34,10,41,0
30,6,139,0
39,15,62,0
34,10,51,0
40,15,71,0
33,8,145,1
38,12,45,0
42,17,53,0
37,13,64,0
33,8,39,0
60,34,38,0
28,4,85,0
45,20,61,0
56,32,23,0
53,27,122,0
37,12,72,0
47,21,123,0
58,32,40,0
52,26,62,0
46,22,113,0
52,27,81,0
24,0,59,0
57,31,25,0
66,41,25,0
30,5,14,0
48,23,19,0
63,37,61,0
48,23,21,0
34,10,44,0
60,35,42,0
55,25,52,0
50,24,112,0
29,5,34,0
61,35,83,0
50,25,24,0
37,13,71,0
64,40,181,1
43,19,75,0
39,14,153,0
23,0,75,0
34,10,19,0
29,2,31,0
33,8,178,1
60,35,65,0
49,25,8,0
54,28,92,0
59,34,145,1
42,17,85,0
62,38,149,0
63,38,9,0
57,31,164,1
61,36,40,0
35,10,54,0
26,0,164,1
33,8,140,0
31,7,18,0
51,27,12,0
55,29,140,0
38,12,24,0
38,12,60,0
53,27,50,0
62,38,44,0
35,9,51,0
46,21,34,0
60,35,33,0
63,38,63,0
43,18,22,0
33,7,104,1
43,19,75,0
62,36,75,0
48,23,62,0
38,14,48,0
36,10,73,0
49,25,135,0
61,35,61,0
49,22,78,0
59,34,40,0
30,6,44,0
44,20,45,0
67,41,18,0
59,35,53,0
37,11,11,0
50,24,38,0
56,31,28,0
29,3,35,0
55,29,81,0
48,22,90,0
32,8,115,0
47,22,78,0
46,21,30,0
33,7,39,0
39,13,69,0
60,35,29,0
39,15,54,0
34,10,60,0
55,30,99,0
67,42,51,0
40,14,53,0
44,20,111,1
56,30,79,0
50,25,90,0
31,5,18,0
66,41,73,0
43,18,59,0
58,32,40,0
33,9,41,0
33,9,53,0
32,8,128,0
55,30,145,1
25,0,35,0
40,14,28,0
54,28,155,0
36,11,195,0
35,9,50,0
44,19,48,0
38,14,81,0
30,4,50,0
39,13,21,0
35,9,142,0
41,16,64,0
56,26,91,0
52,28,74,0
29,4,182,1
38,14,82,0
51,25,45,0
45,21,85,0
51,26,133,0
53,26,22,0
50,26,24,0
59,33,38,0
57,32,80,0
45,21,33,0
27,1,41,0
40,15,90,0
39,13,89,0
26,1,8,0
27,2,85,0
55,30,53,0
64,39,20,0
41,17,9,0
46,22,25,0
43,19,114,0
24,0,41,0
29,3,49,0
58,32,12,0
45,18,50,0
53,28,30,0
45,21,32,0
32,7,41,0
56,31,25,0
31,5,29,0
29,4,50,0
48,24,79,0
36,11,110,0
36,9,40,0
41,16,18,0
48,23,48,0
27,0,40,0
33,9,19,0
31,7,35,0
48,22,133,1
59,34,19,0
41,17,83,0
42,18,39,0
62,37,38,0
62,36,63,0
51,24,85,0
48,24,14,0
56,32,64,0
62,38,124,0
53,29,20,0
62,38,33,0
28,4,80,0
61,35,35,0
48,24,74,0
50,25,32,0
58,33,73,0
53,29,41,0
65,40,18,0
27,0,28,0
50,23,64,0
50,25,44,0
41,16,109,0
43,19,71,0
55,29,79,0
33,9,30,0
44,19,82,0
47,20,101,0
43,18,13,0
59,33,59,0
65,40,64,0
28,2,188,0
58,32,28,0
33,8,120,1
24,0,131,0
46,20,19,0
26,0,44,0
47,21,49,0
32,6,99,0
58,28,95,0
32,7,81,0
46,20,73,0
35,11,193,0
53,27,115,1
55,30,41,0
63,37,80,0
45,20,90,0
58,32,41,0
50,24,102,0
37,13,59,0
25,0,69,0
52,26,83,1
26,0,49,0
35,11,180,1
58,32,61,0
37,11,59,0
35,10,85,0
31,7,13,0
58,34,151,1
43,16,44,0
43,18,53,0
54,30,133,1
53,27,31,0
32,7,101,0
37,13,61,0
34,10,68,0
51,26,21,0
49,25,149,0
54,24,75,0
37,12,55,0
57,32,81,0
37,12,179,0
32,7,81,1
48,22,42,0
44,20,199,0
50,23,18,0
44,19,28,0
54,28,80,0
37,13,79,0
34,7,52,0
32,6,18,0
63,38,52,0
56,30,15,0
37,12,84,0
66,41,114,0
38,13,41,0
35,9,29,0
61,36,23,0
52,26,84,0
57,32,60,0
47,20,13,0
50,25,45,0
36,11,83,0
45,21,102,1
58,34,58,0
27,1,134,1
27,1,130,1
48,24,148,0
46,21,92,0
32,8,142,1
54,29,62,0
31,5,50,0
42,17,29,0
30,5,85,0
41,16,78,0
44,19,85,0
37,13,89,0
51,25,33,0
30,6,42,0
36,11,31,0
65,40,143,1
33,7,35,0
58,34,22,0
34,10,45,0
38,13,119,0
59,35,43,0
37,11,75,0
59,35,121,0
47,23,63,0
48,24,58,0
38,12,184,1
34,10,155,0
44,17,69,0
33,7,188,1
47,21,38,0
41,16,9,0
36,11,69,0
28,4,199,0
59,35,38,0
43,19,129,0
56,31,59,0
28,3,115,0
62,37,83,0
40,16,65,0
34,9,72,0
52,28,72,0
40,14,63,0
27,1,64,0
52,26,194,0
39,14,104,0
52,26,180,0
50,23,18,0
40,14,93,0
35,11,32,0
39,13,68,0
25,0,38,0
33,7,115,0
26,0,161,0
46,21,154,0
27,3,68,0
55,25,44,0
52,28,149,0
59,34,103,0
63,39,41,0
61,35,113,0
58,34,48,0
29,3,69,0
51,27,43,0
59,34,19,0
41,17,65,0
59,35,32,0
52,28,20,0
39,13,25,0
45,19,70,0
59,35,70,0
49,22,103,0
48,22,162,1
61,36,61,0
31,7,170,0
42,16,49,0
35,5,108,1
57,27,62,0
54,28,102,0
61,37,141,1
60,36,8,0
59,35,91,0
62,37,10,0
26,1,35,0
41,17,71,0
65,40,59,0
25,0,14,0
25,1,122,0
27,3,81,0
65,39,35,0
60,34,83,0
29,5,121,0
32,6,35,0
32,8,140,1
41,15,88,0
52,26,70,0
40,16,63,0
39,15,125,0
34,8,21,0
34,8,75,0
34,10,38,0
41,17,58,0
59,35,31,0
40,14,18,0
52,27,29,0
37,11,29,0
39,13,69,0
49,23,121,0
63,39,64,0
34,9,84,0
51,25,65,0
61,36,85,0
56,32,44,0
62,38,174,0
56,30,178,0
58,32,55,0
58,33,25,0
50,26,21,0
44,20,72,0
49,23,129,0
31,7,18,0
49,25,91,0
43,18,38,0
31,5,21,0
66,41,38,0
41,17,154,0
39,14,178,0
46,21,85,0
57,33,93,0
59,35,151,0
30,4,78,0
26,2,135,0
46,21,40,0
66,41,80,0
50,25,18,0
61,35,74,0
37,7,94,0
51,25,173,1
56,32,88,0
58,34,82,0
41,15,54,0
35,9,45,0
38,14,39,0
26,2,20,0
35,5,93,0
36,11,85,0
26,2,95,0
53,28,48,0
56,32,22,0
44,14,33,0
47,23,40,0
32,8,30,0
52,27,22,0
39,14,20,0
47,20,49,0
35,9,25,0
26,0,150,0
43,19,32,0
52,28,9,0
30,5,23,0
36,12,18,0
48,22,42,0
36,10,39,0
58,34,84,0
35,11,101,1
59,35,43,0
36,10,28,0
45,21,59,0
56,30,29,0
46,21,39,0
26,0,42,0
37,11,24,0
44,20,62,0
44,20,33,0
33,7,73,0
34,10,88,0
35,11,58,0
48,24,48,0
58,32,40,0
30,6,160,0
62,37,39,0
40,14,53,0
42,16,32,0
43,19,32,0
58,34,11,0
36,12,123,1
29,4,184,1
49,23,60,0
60,34,41,0
58,32,99,0
50,24,83,0
46,22,134,0
45,19,85,0
32,6,41,0
42,17,44,0
30,6,62,0
60,36,149,0
46,21,115,1
32,6,25,0
56,32,84,0
56,31,81,0
30,6,181,0
52,28,62,0
31,7,11,0
37,12,60,0
30,6,42,0
29,4,83,0
49,24,109,0
49,23,70,0
65,39,25,0
54,24,72,0
36,10,183,0
56,30,44,0
34,8,52,0
33,9,18,0
59,35,40,0
49,23,174,1
61,34,41,0
31,6,81,0
45,21,128,0
35,10,135,1
37,11,65,0
58,32,145,0
49,25,65,0
63,39,119,0
55,31,124,0
38,12,33,0
45,19,41,0
44,20,105,0
58,32,130,0
56,31,80,0
37,13,115,0
50,24,62,0
34,8,165,1
51,25,34,0
49,24,18,0
33,7,44,0
61,35,25,0
41,16,52,0
50,24,133,1
41,17,71,0
38,12,61,0
51,27,62,0
63,39,33,0
55,30,28,0
46,22,53,0
27,3,69,0
59,35,165,0
26,0,75,0
61,36,54,0
44,19,142,1
53,29,53,0
34,9,41,0
40,15,43,0
56,32,79,0
57,32,24,0
43,19,73,0
38,13,129,1
60,34,50,0
54,30,28,0
51,26,64,0
41,15,49,0
25,1,121,0
58,28,58,0
61,35,51,0
56,31,61,0
43,19,35,0
42,12,39,0
48,22,74,0
45,20,201,0
40,15,81,0
43,18,44,0
52,26,19,0
54,29,85,0
26,1,74,0
26,0,54,0
33,8,58,0
40,15,18,0
64,40,88,0
62,37,19,0
54,28,49,0
34,9,101,0
40,16,138,0
41,16,25,0
48,22,120,0
46,22,153,0
51,26,28,0
30,4,110,0
65,39,94,0
49,24,48,0
29,5,123,0
36,10,33,0
50,25,42,0
41,16,68,0
42,16,28,0
37,11,42,0
31,5,28,0
40,15,73,0
36,12,89,0
64,39,82,0
37,13,83,0
43,19,121,1
57,33,28,0
62,36,39,0
63,38,110,0
57,27,55,0
59,35,111,0
47,23,94,0
26,0,85,0
59,33,81,0
45,20,94,0
33,8,162,0
61,35,80,0
54,29,70,0
46,22,19,0
28,4,112,1
52,26,109,0
26,0,12,0
49,24,33,0
42,18,49,0
51,26,42,0
39,13,41,0
44,20,43,0
29,5,64,0
47,23,19,0
53,27,65,0
29,3,53,0
47,21,32,0
45,19,22,0
63,37,39,0
39,13,59,0
29,0,50,0
50,26,19,0
51,27,55,0
58,28,81,0
39,14,108,0
46,20,122,1
32,6,98,0
53,27,110,0
29,5,33,0
41,17,34,0
41,16,69,0
58,32,41,0
45,19,60,0
37,13,95,0
58,28,73,0
58,32,41,0
31,1,68,0
59,33,64,0
38,11,29,0
29,5,31,0
40,15,54,0
57,27,63,0
50,26,92,0
29,5,135,1
34,9,195,0
36,10,45,0
51,26,72,0
27,1,98,0
48,23,30,0
32,6,78,0
48,23,43,0
34,8,85,0
24,0,38,0
55,25,58,0
51,25,92,0
30,5,13,0
45,21,218,0
64,40,75,0
29,3,40,0
30,4,15,0
63,39,24,0
65,40,49,0
28,4,83,0
